{
  "dice": [
    0.6729562282562256
  ],
  "loss": [
    0.9560251235961914
  ]
}